{
    "keyboard_name": "45-ATS",
    "url": "",
    "maintainer": "Abec13",
    "width": 14,
    "height": 4,
    "layouts": {
      "LAYOUT_split_space": {
        "key_count": 50,
        "layout": [
          {"label":"K00", "x":0, "y":0},
          {"label":"K01", "x":1, "y":0},
          {"label":"K02", "x":2, "y":0},
          {"label":"K03", "x":3, "y":0},
          {"label":"K04", "x":4, "y":0},
          {"label":"K05", "x":5, "y":0},
          {"label":"K06", "x":6, "y":0},
          {"label":"K07", "x":7, "y":0},
          {"label":"K08", "x":8, "y":0},
          {"label":"K09", "x":9, "y":0},
          {"label":"K010", "x":10, "y":0},
          {"label":"K011", "x":11, "y":0},
          {"label":"K012", "x":12, "y":0},
          {"label":"K013", "x":13.5, "y":0},
          {"label":"K10", "x":0, "y":1, "w":1.25},
          {"label":"K11", "x":1.25, "y":1},
          {"label":"K12", "x":2.25, "y":1},
          {"label":"K13", "x":3.25, "y":1},
          {"label":"K14", "x":4.25, "y":1},
          {"label":"K15", "x":5.25, "y":1},
          {"label":"K16", "x":6.25, "y":1},
          {"label":"K17", "x":7.25, "y":1},
          {"label":"K18", "x":8.25, "y":1},
          {"label":"K19", "x":9.25, "y":1},
          {"label":"K110", "x":10.25, "y":1},
          {"label":"K111", "x":11.25, "y":1, "w":1.75},
          {"label":"K113", "x":13.5, "y":1},
          {"label":"K20", "x":0, "y":2, "w":1.75},
          {"label":"K21", "x":1.75, "y":2},
          {"label":"K22", "x":2.75, "y":2},
          {"label":"K23", "x":3.75, "y":2},
          {"label":"K24", "x":4.75, "y":2},
          {"label":"K25", "x":5.75, "y":2},
          {"label":"K26", "x":6.75, "y":2},
          {"label":"K27", "x":7.75, "y":2},
          {"label":"K28", "x":8.75, "y":2},
          {"label":"K29", "x":9.75, "y":2},
          {"label":"K210", "x":10.75, "y":2, "w":1.25},
          {"label":"K211", "x":12.25, "y":2.25},
          {"label":"K212", "x":13.5, "y":2},
          {"label":"K30", "x":0, "y":3, "w":1.25},
          {"label":"K32", "x":1.25, "y":3},
          {"label":"K33", "x":2.25, "y":3, "w":1.25},
          {"label":"K34", "x":3.5, "y":3, "w":2.75},
          {"label":"K35", "x":6.25, "y":3, "w":2.25},
          {"label":"K36", "x":8.5, "y":3, "w":1.25},
          {"label":"K37", "x":9.75, "y":3, "w":1.25},
          {"label":"K38", "x":11.25, "y":3.25},
          {"label":"K39", "x":12.25, "y":3.25},
          {"label":"K310", "x":13.25, "y":3.25}
        ]
      },
      "LAYOUT_625_space": {
        "key_count": 49,
        "layout": [
          {"label":"K00", "x":0, "y":0},
          {"label":"K01", "x":1, "y":0},
          {"label":"K02", "x":2, "y":0},
          {"label":"K03", "x":3, "y":0},
          {"label":"K04", "x":4, "y":0},
          {"label":"K05", "x":5, "y":0},
          {"label":"K06", "x":6, "y":0},
          {"label":"K07", "x":7, "y":0},
          {"label":"K08", "x":8, "y":0},
          {"label":"K09", "x":9, "y":0},
          {"label":"K010", "x":10, "y":0},
          {"label":"K011", "x":11, "y":0},
          {"label":"K012", "x":12, "y":0},
          {"label":"K013", "x":13.5, "y":0},
          {"label":"K10", "x":0, "y":1, "w":1.25},
          {"label":"K11", "x":1.25, "y":1},
          {"label":"K12", "x":2.25, "y":1},
          {"label":"K13", "x":3.25, "y":1},
          {"label":"K14", "x":4.25, "y":1},
          {"label":"K15", "x":5.25, "y":1},
          {"label":"K16", "x":6.25, "y":1},
          {"label":"K17", "x":7.25, "y":1},
          {"label":"K18", "x":8.25, "y":1},
          {"label":"K19", "x":9.25, "y":1},
          {"label":"K110", "x":10.25, "y":1},
          {"label":"K111", "x":11.25, "y":1, "w":1.75},
          {"label":"K113", "x":13.5, "y":1},
          {"label":"K20", "x":0, "y":2, "w":1.75},
          {"label":"K21", "x":1.75, "y":2},
          {"label":"K22", "x":2.75, "y":2},
          {"label":"K23", "x":3.75, "y":2},
          {"label":"K24", "x":4.75, "y":2},
          {"label":"K25", "x":5.75, "y":2},
          {"label":"K26", "x":6.75, "y":2},
          {"label":"K27", "x":7.75, "y":2},
          {"label":"K28", "x":8.75, "y":2},
          {"label":"K29", "x":9.75, "y":2},
          {"label":"K210", "x":10.75, "y":2, "w":1.25},
          {"label":"K211", "x":12.25, "y":2.25},
          {"label":"K212", "x":13.5, "y":2},
          {"label":"K30", "x":0, "y":3, "w":1.25},
          {"label":"K32", "x":1.25, "y":3},
          {"label":"K33", "x":2.25, "y":3, "w":1.25},
          {"label":"K34", "x":3.5, "y":3, "w":6.25},
          {"label":"K35", "x":9.75, "y":3, "w":1.25},
          {"label":"K36", "x":11.25, "y":3.25},
          {"label":"K37", "x":12.25, "y":3.25},
          {"label":"K38", "x":13.25, "y":3.25}
        ]
      },
      "LAYOUT_600_space": {
        "key_count": 49,
        "layout": [
          {"label":"K00", "x":0, "y":0},
          {"label":"K01", "x":1, "y":0},
          {"label":"K02", "x":2, "y":0},
          {"label":"K03", "x":3, "y":0},
          {"label":"K04", "x":4, "y":0},
          {"label":"K05", "x":5, "y":0},
          {"label":"K06", "x":6, "y":0},
          {"label":"K07", "x":7, "y":0},
          {"label":"K08", "x":8, "y":0},
          {"label":"K09", "x":9, "y":0},
          {"label":"K010", "x":10, "y":0},
          {"label":"K011", "x":11, "y":0},
          {"label":"K012", "x":12, "y":0},
          {"label":"K013", "x":13.5, "y":0},
          {"label":"K10", "x":0, "y":1, "w":1.25},
          {"label":"K11", "x":1.25, "y":1},
          {"label":"K12", "x":2.25, "y":1},
          {"label":"K13", "x":3.25, "y":1},
          {"label":"K14", "x":4.25, "y":1},
          {"label":"K15", "x":5.25, "y":1},
          {"label":"K16", "x":6.25, "y":1},
          {"label":"K17", "x":7.25, "y":1},
          {"label":"K18", "x":8.25, "y":1},
          {"label":"K19", "x":9.25, "y":1},
          {"label":"K110", "x":10.25, "y":1},
          {"label":"K111", "x":11.25, "y":1, "w":1.75},
          {"label":"K113", "x":13.5, "y":1},
          {"label":"K20", "x":0, "y":2, "w":1.75},
          {"label":"K21", "x":1.75, "y":2},
          {"label":"K22", "x":2.75, "y":2},
          {"label":"K23", "x":3.75, "y":2},
          {"label":"K24", "x":4.75, "y":2},
          {"label":"K25", "x":5.75, "y":2},
          {"label":"K26", "x":6.75, "y":2},
          {"label":"K27", "x":7.75, "y":2},
          {"label":"K28", "x":8.75, "y":2},
          {"label":"K29", "x":9.75, "y":2},
          {"label":"K210", "x":10.75, "y":2, "w":1.25},
          {"label":"K211", "x":12.25, "y":2.25},
          {"label":"K212", "x":13.5, "y":2},
          {"label":"K30", "x":0, "y":3},
          {"label":"K32", "x":1, "y":3},
          {"label":"K33", "x":2, "y":3},
          {"label":"K34", "x":3, "y":3, "w":6.00}
          {"label":"K36", "x":9, "y":3},
          {"label":"K37", "x":10, "y":3},
          {"label":"K38", "x":11.25, "y":3.25},
          {"label":"K39", "x":12.25, "y":3.25},
          {"label":"K310", "x":13.25, "y":3.25}
        ]
      }
    }
  }
  